<?xml version="1.0" encoding="utf-8"?>
<!-- mod_zitat_service.de                               -->
<!-- Apr-5-2013 - Oct-29-2023                           -->
<!-- MIT License, Copyright (c) 2008 - 2023 Heiko Lübbe -->
<!-- https://github.com/muhme/quote_joomla              -->
<extension	type="module"
		version="3.1"
		client="site"
		method="upgrade">
	<name>zitat-service.de</name>
	<author>Heiko Lübbe</author>
	<creationDate>October, 29th 2023</creationDate>
	<copyright>Heiko Lübbe</copyright>
	<license>MIT https://opensource.org/license/mit</license>
	<authorEmail>heiko.luebbe@zitat-service.de</authorEmail>
	<authorUrl>https://github.com/muhme/quote_joomla</authorUrl>
	<version>2.0.1</version> <!-- corresponds to ZitatService\MODULE_VERSION -->
	<description>MOD_ZITAT_SERVICE_DE_XML_DESCRIPTION</description>
	<files>
		<filename module="mod_zitat_service_de">mod_zitat_service_de.php</filename>
		<filename>helper.php</filename>
		<filename>index.html</filename>
		<filename>tmpl/default.php</filename>
		<filename>tmpl/index.html</filename>
		<filename>js/zitatservice.js</filename>
		<filename>js/index.html</filename>
		<filename>fields/zitatservicecategorylist.php</filename>
		<filename>fields/zitatserviceauthorlist.php</filename>
		<filename>fields/zitatserviceuserlist.php</filename>
		<filename>fields/index.html</filename>
	</files>
	<languages folder="language">
		<language tag="en-GB">en-GB/en-GB.mod_zitat_service_de.ini</language>
		<language tag="en-GB">en-GB/en-GB.mod_zitat_service_de.sys.ini</language>
		<language tag="de-DE">de-DE/de-DE.mod_zitat_service_de.ini</language>
		<language tag="de-DE">de-DE/de-DE.mod_zitat_service_de.sys.ini</language>
		<language tag="es-ES">es-ES/es-ES.mod_zitat_service_de.ini</language>
		<language tag="es-ES">es-ES/es-ES.mod_zitat_service_de.sys.ini</language>
		<language tag="ja-JP">ja-JP/ja-JP.mod_zitat_service_de.ini</language>
		<language tag="ja-JP">ja-JP/ja-JP.mod_zitat_service_de.sys.ini</language>
		<language tag="uk-UA">uk-UA/uk-UA.mod_zitat_service_de.ini</language>
		<language tag="uk-UA">uk-UA/uk-UA.mod_zitat_service_de.sys.ini</language>
	</languages>
	<config>
		<fields name="params">
			<fieldset name="basic" addfieldpath="modules/mod_zitat_service_de/fields">
				<field	name="author"
						type="ZitatServiceAuthorList"
						label="MOD_ZITAT_SERVICE_DE_FIELD_AUTHOR_LABEL"
						description="MOD_ZITAT_SERVICE_DE_FIELD_AUTHOR_DESC" />
				<field	name="category"
						type="ZitatServiceCategoryList"
						label="MOD_ZITAT_SERVICE_DE_FIELD_CATEGORY_LABEL"
						description="MOD_ZITAT_SERVICE_DE_FIELD_CATEGORY_DESC" />
				<field	name="user"
						type="ZitatServiceUserList"
						label="MOD_ZITAT_SERVICE_DE_FIELD_USER_LABEL"
						description="MOD_ZITAT_SERVICE_DE_FIELD_USER_DESC" />
				<field	name="language" 
                		type="list"
                		label="MOD_ZITAT_SERVICE_DE_FIELD_LANGUAGE_LABEL"
						description="MOD_ZITAT_SERVICE_DE_FIELD_LANGUAGE_DESC">
					<option value="">frontend</option>
					<option value="all">&#127757; all</option>        <!-- 🌍 -->
					<option value="de">&#127465;&#127466; de</option> <!-- 🇩🇪 -->
					<option value="en">&#127468;&#127463; en</option> <!-- 🇬🇧 -->
					<option value="es">&#127466;&#127480; es</option> <!-- 🇪🇸 -->
					<option value="ja">&#127471;&#127477; ja</option> <!-- 🇯🇵 -->
					<option value="uk">&#127482;&#127462; uk</option> <!-- 🇺🇦 -->
            	</field>
			</fieldset>
			<fieldset name="advanced">
				<field	name="target"
					type="text"
					filter="safehtml"
					maxlength="50"
					label="MOD_ZITAT_SERVICE_DE_FIELD_TARGET_LABEL"
					description="MOD_ZITAT_SERVICE_DE_FIELD_TARGET_DESC" />
				<field	name="script"
					type="radio"
					default="1"
					label="MOD_ZITAT_SERVICE_DE_FIELD_SCRIPT_LABEL"
					description="MOD_ZITAT_SERVICE_DE_FIELD_SCRIPT_DESC">
						<option value="0">MOD_ZITAT_SERVICE_DE_FIELD_SCRIPT_0</option>
						<option value="1">MOD_ZITAT_SERVICE_DE_FIELD_SCRIPT_1</option>
				</field>
				<field	name="height"
					type="text"
					filter="safehtml"
					maxlength="50"
					label="MOD_ZITAT_SERVICE_DE_FIELD_HEIGHT_LABEL"
					description="MOD_ZITAT_SERVICE_DE_FIELD_HEIGHT_DESC"
					showon="script:1" />
			</fieldset>
		</fields>
	</config>
	<updateservers>
    	<server type="extension" priority="1" name="zitat-service.de">https://www.zitat-service.de/joomla/zitat-service-update.xml</server>
  	</updateservers>
</extension>
